"NODE1","COUNTRY1","NODE2","COUNTRY2","DETAIL","USES","TYPE","ROLE","GOODS1","GOODS2","GOODS3","DIR","DIST","TRAVMODE","TRAVTIME","EARLYDATE","LATEDATE","DATAQLTY","SRC","LONG1","LAT1","COORDSRC1","LONG2","LAT2","COORDSRC2","NODEID1","NODEID2","PROBL","DATAID"
"Antwerp","BE","Maastricht","NL","nkn","trd","cd","maj","A000","B000","C000","nkn","d000dd","nkn","t000t","1450","1500","QC3","Spufford 2002:352","4.416667","51.216667","ADL1239025","5.6833","50.85","www.fallingrain.com","398","2983","P000","tmcDEm1500a_001a"
"Maastricht","NL","Cologne","DE","nkn","trd","cd","maj","A000","B000","C000","nkn","d000dd","nkn","t000t","1450","1500","QC3","Spufford 2002:352","5.6833","50.85","www.fallingrain.com","6.95","50.933334","ADL2157469","2983","411","P000","tmcDEm1500a_002a"
"Cologne","DE","Koblenz","DE","nkn","trd","cd","maj","A000","B000","C000","nkn","d000dd","nkn","t000t","1450","1500","QC3","Spufford 2002:352","6.95","50.933334","ADL2157469","7.6","50.35","www.fallingrain.com","411","2964","P000","tmcDEm1500a_003a"
"Koblenz","DE","Mainz","DE","nkn","trd","cd","maj","A000","B000","C000","nkn","d000dd","nkn","t000t","1450","1500","QC3","Spufford 2002:352","7.6","50.35","www.fallingrain.com","8.25","50","ADL2169521","2964","562","P000","tmcDEm1500a_004a"
"Mainz","DE","Frankfurt","DE","nkn","trd","cd","maj","A000","B000","C000","nkn","d000dd","nkn","t000t","1450","1500","QC3","Spufford 2002:352","8.25","50","ADL2169521","8.683333","50.116669","ADL2118754","562","564","P000","tmcDEm1500a_005a"
"Frankfurt","DE","Nuremberg","DE","nkn","trd","cd","maj","A000","B000","C000","nkn","d000dd","nkn","t000t","1450","1500","QC3","Spufford 2002:352","8.683333","50.116669","ADL2118754","11.083333","49.450001","ADL2182159","564","1448","P000","tmcDEm1500a_006a"
"Nuremberg","DE","Donauworth","DE","nkn","trd","cd","maj","A000","B000","C000","nkn","d000dd","nkn","t000t","1450","1500","QC3","Spufford 2002:352","11.083333","49.450001","ADL2182159","10.8","48.7","www.fallingrain.com","1448","2929","P000","tmcDEm1500a_007a"
"Donauworth","DE","Ulm","DE","nkn","trd","cd","maj","A000","B000","C000","nkn","d000dd","nkn","t000t","1450","1500","QC3","Spufford 2002:352","10.8","48.7","www.fallingrain.com","10","48.4","www.fallingrain.com","2929","2813","P000","tmcDEm1500a_008a"
"Ulm","DE","loc01-tmc051107","DE","?Sigmaringen","trd","cd","maj","A000","B000","C000","nkn","d000dd","nkn","t000t","1450","1500","QC3","Spufford 2002:352","10","48.4","www.fallingrain.com","9.2167","48.0833","www.fallingrain.com","2813","3013","P000","tmcDEm1500a_009a"
"loc01-tmc051107","DE","loc02-tmc051107","DE","?Sigmaringen;?Radolfzell ","trd","cd","maj","A000","B000","C000","nkn","d000dd","nkn","t000t","1450","1500","QC3","Spufford 2002:352","9.2167","48.0833","www.fallingrain.com","8.9667","47.7333","www.fallingrain.com","3013","3014","P000","tmcDEm1500a_010a"
"loc02-tmc051107","DE","Constance","DE","?Radolfzell","trd","cd","maj","A000","B000","C000","nkn","d000dd","nkn","t000t","1450","1500","QC3","Spufford 2002:352","8.9667","47.7333","www.fallingrain.com","9.1833","47.6667","www.fallingrain.com","3014","2816","P000","tmcDEm1500a_011a"
"Constance","DE","frk01-tmc051107","CH","?Winterthur","trd","cd","maj","A000","B000","C000","nkn","d000dd","nkn","t000t","1450","1500","QC3","Spufford 2002:352","9.1833","47.6667","www.fallingrain.com","8.75","47.5","www.fallingrain.com","2816","3015","P000","tmcDEm1500a_012a"
"frk01-tmc051107","CH","Sankt Gallen","CH","?Winterthur","trd","cd","maj","A000","B000","C000","nkn","d000dd","nkn","t000t","1450","1500","QC3","Spufford 2002:352","8.75","47.5","www.fallingrain.com","9.4","47.4667","www.fallingrain.com","3015","3016","P000","tmcDEm1500a_013a"
"frk01-tmc051107","CH","Zurich","CH","?Winterthur","trd","cd","maj","A000","B000","C000","nkn","d000dd","nkn","t000t","1450","1500","QC3","Spufford 2002:352","8.75","47.5","www.fallingrain.com","8.55","47.3667","www.fallingrain.com","3015","2990","P000","tmcDEm1500a_014a"
"Zurich","CH","loc03-tmc051107","CH","?Bern","trd","cd","maj","A000","B000","C000","nkn","d000dd","nkn","t000t","1450","1500","QC3","Spufford 2002:352","8.55","47.3667","www.fallingrain.com","7.4667","46.9167","ADL2729711","2990","3023","P000","tmcDEm1500a_015a"
"loc03-tmc051107","CH","loc04-tmc051107","CH","?Bern;?Lausanne","trd","cd","maj","A000","B000","C000","nkn","d000dd","nkn","t000t","1450","1500","QC3","Spufford 2002:352","7.4667","46.9167","ADL2729711","6.6667","46.5333","www.fallingrain.com","3023","2699","P000","tmcDEm1500a_016a"
"loc04-tmc051107","CH","Geneva","CH","?Lausanne","trd","cd","maj","A000","B000","C000","nkn","d000dd","nkn","t000t","1450","1500","QC3","Spufford 2002:352","6.6667","46.5333","www.fallingrain.com","6.166667","46.200001","ADL3989879","2699","423","P000","tmcDEm1500a_017a"
"Geneva","CH","loc05-tmc051107","FR","?Nantua","trd","cd","maj","A000","B000","C000","nkn","d000dd","nkn","t000t","1450","1500","QC3","Spufford 2002:352","6.166667","46.200001","ADL3989879","5.6167","46.15","www.fallingrain.com","423","2784","P000","tmcDEm1500a_018a"
"loc05-tmc051107","FR","Lyons","FR","?Nantua","trd","cd","maj","A000","B000","C000","nkn","d000dd","nkn","t000t","1450","1500","QC3","Spufford 2002:352","5.6167","46.15","www.fallingrain.com","4.85","45.75","ADL2015434","2784","434","P000","tmcDEm1500a_019a"
"Lyons","FR","loc06-tmc051107","FR","?Bourges","trd","cd","maj","A000","B000","C000","nkn","d000dd","nkn","t000t","1450","1500","QC3","Spufford 2002:352","4.85","45.75","ADL2015434","2.4","47.083332","ADL1980244","434","413","P000","tmcDEm1500a_020a"
"loc06-tmc051107","FR","Tours","FR","?Nantua","trd","cd","maj","A000","B000","C000","nkn","d000dd","nkn","t000t","1450","1500","QC3","Spufford 2002:352","2.4","47.083332","ADL1980244",".683333","47.383331","ADL2040805","413","475","P000","tmcDEm1500a_021a"
"Donauworth","DE","Augsburg","DE","nkn","trd","cd","maj","A000","B000","C000","nkn","d000dd","nkn","t000t","1450","1500","QC3","Spufford 2002:352","10.8","48.7","www.fallingrain.com","10.8833","48.3667","www.fallingrain.com","2929","2795","P000","tmcDEm1500a_022a"
"Augsburg","DE","Innsbruck","AT","nkn","trd","cd","maj","A000","B000","C000","nkn","d000dd","nkn","t000t","1450","1500","QC3","Spufford 2002:352","10.8833","48.3667","www.fallingrain.com","11.4","47.2667","www.fallingrain.com","2795","2822","P000","tmcDEm1500a_023a"
"Innsbruck","AT","Brenner Pass","AT","nkn","trd","cd","maj","A000","B000","C000","nkn","d000dd","nkn","t000t","1450","1500","QC3","Spufford 2002:352","11.4","47.2667","www.fallingrain.com","11.5","47","ADL1213837","2822","318","P000","tmcDEm1500a_024a"
"Brenner Pass","AT","Sterzing","IT","nkn","trd","cd","maj","A000","B000","C000","nkn","d000dd","nkn","t000t","1450","1500","QC3","Spufford 2002:352","11.5","47","ADL1213837","11.4333","46.9","www.fallingrain.com","318","3017","P000","tmcDEm1500a_025a"
"Sterzing","IT","Chiusa","IT","nkn","trd","cd","maj","A000","B000","C000","nkn","d000dd","nkn","t000t","1450","1500","QC3","Spufford 2002:352","11.4333","46.9","www.fallingrain.com","11.5667","46.6333","www.fallingrain.com","3017","3018","P000","tmcDEm1500a_026a"
"Chiusa","IT","Trent","IT","nkn","trd","cd","maj","A000","B000","C000","nkn","d000dd","nkn","t000t","1450","1500","QC3","Spufford 2002:352","11.5667","46.6333","www.fallingrain.com","11.133333","46.066666","ADL2519752","3018","321","P000","tmcDEm1500a_027a"
"Trent","IT","Verona","IT","nkn","trd","cd","maj","A000","B000","C000","nkn","d000dd","nkn","t000t","1450","1500","QC3","Spufford 2002:352","11.133333","46.066666","ADL2519752","11","45.45","www.fallingrain.com","321","2729","P000","tmcDEm1500a_028a"
"Verona","IT","Brescia","IT","nkn","trd","cd","maj","A000","B000","C000","nkn","d000dd","nkn","t000t","1450","1500","QC3","Spufford 2002:352","11","45.45","www.fallingrain.com","10.25","45.55","www.fallingrain.com","2729","3019","P000","tmcDEm1500a_029a"
"Brescia","IT","Milan","IT","nkn","trd","cd","maj","A000","B000","C000","nkn","d000dd","nkn","t000t","1450","1500","QC3","Spufford 2002:352","10.25","45.55","www.fallingrain.com","9.2","45.467","TGN7005903","3019","927","P000","tmcDEm1500a_030a"
"Verona","IT","Venice","IT","nkn","trd","cd","maj","A000","B000","C000","nkn","d000dd","nkn","t000t","1450","1500","QC3","Spufford 2002:352","11","45.45","www.fallingrain.com","12.326667","45.43861","ADL 2520567","2729","323","P000","tmcDEm1500a_031a"
"Nuremberg","DE","Regensburg","DE","nkn","trd","cd","maj","A000","B000","C000","nkn","d000dd","nkn","t000t","1450","1500","QC3","Spufford 2002:352","11.083333","49.450001","ADL2182159","12.1","49.016666","ADL2194357","1448","339","P000","tmcDEm1500a_032a"
"Regensburg","DE","Vienna","AT","nkn","trd","cd","maj","A000","B000","C000","nkn","d000dd","nkn","t000t","1450","1500","QC3","Spufford 2002:352","12.1","49.016666","ADL2194357","16.366667","48.200001","ADL1234868","339","1476","P000","tmcDEm1500a_033a"
"Vienna","AT","loc07-tmc051107","SK","?Bratislava","trd","cd","maj","A000","B000","C000","nkn","d000dd","nkn","t000t","1450","1500","QC3","Spufford 2002:352","16.366667","48.200001","ADL1234868","17.116667","48.150002","ADL2729711","1476","322","P000","tmcDEm1500a_034a"
"loc07-tmc051107","SK","loc08-tmc051107","HU","?Bratislava;?Gyor","trd","cd","maj","A000","B000","C000","nkn","d000dd","nkn","t000t","1450","1500","QC3","Spufford 2002:352","17.116667","48.150002","ADL2729711","17.6333","47.6833","www.fallingrain.com","322","3020","P000","tmcDEm1500a_035a"
"loc08-tmc051107","HU","Buda","HU","?Gyor","trd","cd","maj","A000","B000","C000","nkn","d000dd","nkn","t000t","1450","1500","QC3","Spufford 2002:352","17.6333","47.6833","www.fallingrain.com","19.0333","47.5","www.fallingrain.com","3020","2459","P000","tmcDEm1500a_036a"
"Nuremberg","DE","loc09-tmc051107","CZ","?Plzen","trd","cd","maj","A000","B000","C000","nkn","d000dd","nkn","t000t","1450","1500","QC3","Spufford 2002:352","11.083333","49.450001","ADL2182159","13.366667","49.75","ADL1913746","1448","856","P000","tmcDEm1500a_037a"
"loc09-tmc051107","CZ","Prague","CZ","?Plzen","trd","cd","maj","A000","B000","C000","nkn","d000dd","nkn","t000t","1450","1500","QC3","Spufford 2002:352","13.366667","49.75","ADL1913746","14.466667","50.083332","ADL1914211","856","353","P000","tmcDEm1500a_038a"
"Prague","CZ","loc10-tmc051107","SK","?Banska Bystrica","trd","cd","maj","A000","B000","C000","nkn","d000dd","nkn","t000t","1450","1500","QC3","Spufford 2002:352;325","14.466667","50.083332","ADL1914211","19.15","48.7333","www.fallingrain.com","353","3021","P000","tmcDEm1500a_039a"
"Nuremberg","DE","Zwickau","DE","nkn","trd","cd","maj","A000","B000","C000","nkn","d000dd","nkn","t000t","1450","1500","QC3","Spufford 2002:352","11.083333","49.450001","ADL2182159","12.5","50.7333","www.fallingrain.com","1448","2873","P000","tmcDEm1500a_040a"
"Zwickau","DE","Freiberg","DE","nkn","trd","cd","maj","A000","B000","C000","nkn","d000dd","nkn","t000t","1450","1500","QC3","Spufford 2002:352","12.5","50.7333","www.fallingrain.com","13.3667","50.9167","ADL2729711","2873","3022","P000","tmcDEm1500a_041a"
"Freiberg","DE","loc11-tmc051107","PL","?Dresden","trd","cd","maj","A000","B000","C000","nkn","d000dd","nkn","t000t","1450","1500","QC3","Spufford 2002:352","13.3667","50.9167","ADL2729711","13.75","51.05","www.fallingrain.com","3022","2803","P000","tmcDEm1500a_042a"
"loc11-tmc051107","DE","loc12-tmc051107","DE","?Dresden;?Gorlitz","trd","cd","maj","A000","B000","C000","nkn","d000dd","nkn","t000t","1450","1500","QC3","Spufford 2002:352","13.75","51.05","www.fallingrain.com","15","51.166668","adlgaz-1-2125340-5c","2803","1090","P000","tmcDEm1500a_043a"
"loc12-tmc051107","DE","loc13-tmc051107","PL","?Gorlitz;?Wroclaw","trd","cd","maj","A000","B000","C000","nkn","d000dd","nkn","t000t","1450","1500","QC3","Spufford 2002:352","15","51.166668","adlgaz-1-2125340-5c","17.033333","51.099998","ADL3311992","1090","933","P000","tmcDEm1500a_044a"
"loc13-tmc051107","PL","Cracow","PL","?Wroclaw","trd","cd","maj","A000","B000","C000","nkn","d000dd","nkn","t000t","1450","1500","QC3","Spufford 2002:352","17.033333","51.099998","ADL3311992","19.916668","50.083332","ADL3285585","933","343","P000","tmcDEm1500a_045a"
"Zwickau","DE","loc14-tmc051107","DE","?Leipzig","trd","cd","maj","A000","B000","C000","nkn","d000dd","nkn","t000t","1450","1500","QC3","Spufford 2002:352","12.5","50.7333","www.fallingrain.com","12.333333","51.299999","2164587","2873","1447","P000","tmcDEm1500a_046a"
"loc14-tmc051107","DE","loc15-tmc051107","DE","?Leipzig;?Berlin","trd","cd","maj","A000","B000","C000","nkn","d000dd","nkn","t000t","1450","1500","QC3","Spufford 2002:352","12.333333","51.299999","2164587","13.4","52.516666","ADL2094067","1447","1472","P000","tmcDEm1500a_047a"
"loc15-tmc051107","DE","loc16-tmc051107","PL","?Berlin;?Szczecin","trd","cd","maj","A000","B000","C000","nkn","d000dd","nkn","t000t","1450","1500","QC3","Spufford 2002:352","13.4","52.516666","ADL2094067","14.583333","53.416668","ADL3306812","1472","1186","P000","tmcDEm1500a_048a"
